Fit_Index,Value,Interpretation
CFI,1.0017640748197212,Excellent
TLI,1.0026461122295818,Excellent
RMSEA,0.0,Excellent
AIC,7.999999092832468,N/A
BIC,22.81512899145727,N/A
DoF,6.0,N/A
