Variable,Estimate,Std_Error,Z_Value,P_Value,Std_Estimate,Significant
health_concern,1.5272811363250507,0.045266566345103676,33.73971696124708,0.0,,True
nutrition_knowledge,0.6727743088339,0.1361518900120549,4.941351227437174,7.758300395455109e-07,,True
health_concern_x_nutrition_knowledge,0.0005866530045152303,0.0008077259234690004,0.7263020620526652,0.4676536155266038,,False
