Moderator_Level,Moderator_Value,Simple_Slope,Std_Error,T_Value,P_Value,Significant
low,-4.87477835167262,1.5244213329586962,0.04543749350026548,33.54985531826903,0.0,True
mean,0.0,1.5272811363250507,0.045266566345103676,33.73971696199244,0.0,True
high,4.87477835167262,1.5301409396914052,0.04543749350026548,33.6757338888525,0.0,True
