Percentile,Moderator_Value,Conditional_Effect,Std_Error,T_Value,P_Value,Significant
percentile_10,-6.716031746031746,1.5233411561228214,0.045590454474612054,33.413598826287725,0.0,True
percentile_25,-4.1565079365079365,1.524842708455807,0.04539089799687881,33.5935787954814,0.0,True
percentile_50,-0.09698412698412717,1.5272242402955651,0.045266634128213676,33.73840953073382,0.0,True
percentile_75,4.057777777777778,1.5296616438500392,0.04538506922849929,33.70407206274563,0.0,True
percentile_90,6.474444444444444,1.531079388610951,0.045567647517482254,33.60014115329401,0.0,True
