Moderator_Level,Moderator_Value,Simple_Slope,Std_Error,T_Value,P_Value,Significant
low,-4.87477835167262,2.0419483634506306,0.05865931336825748,34.81030114743207,0.0,True
mean,0.0,2.04634567377326,0.05843864825701578,35.016991919000944,0.0,True
high,4.87477835167262,2.0507429840958893,0.05865931336825748,34.960228245794895,0.0,True
