Factor,Items,N_Items,Cronbach_Alpha,Composite_Reliability,AVE,Sqrt_AVE,Mean_Loading,Min_Loading,Max_Loading,Alpha_Acceptable,CR_Acceptable,AVE_Acceptable
health_concern,"q6, q7, q8, q9, q10, q11",6,0.9026959868197127,0.9372774921223634,0.7164068149999999,0.8464081846248889,0.8404166666666666,0.7222,1.0,True,True,True
perceived_benefit,"q12, q13, q14, q15, q16, q17",6,0.6701099744245524,0.8974505076268049,0.6082554633333334,0.779907342787163,0.7558999999999999,0.4058,1.0,False,True,True
purchase_intention,"q18, q19, q20",3,0.9409770799066564,1.0166756675490431,1.0517076166666666,1.0255279697144621,1.0251,1.0,1.0667,True,True,True
perceived_price,"q27, q28, q29",3,-0.20198784474625386,0.848616843939181,0.6648191066666667,0.8153644011524336,0.7914,0.5286,1.0,False,True,True
nutrition_knowledge,"q30, q31, q32, q33, q34, q35, q36, q37, q38, q39, q40, q41, q42, q43, q44, q45, q46, q47, q48, q49",20,0.8934288487633003,0.9155922538937682,0.5122348239999999,0.7157058222482194,0.51434,-0.7764,1.0,True,True,True
