,mean,std,coefficient_of_variation,heterogeneity_level,min,max,q25,q75
sugar_free,0.8656277451877251,0.4853024158576256,0.5606363919774545,High,-0.36499947357038537,2.6540828830031686,0.536606224066315,1.1425935533118303
health_label,0.13806310548538026,0.492255909421556,3.5654413805263987,High,-1.151318993403502,1.2624256512506769,-0.21287113126754814,0.48348388993168057
price_normalized,-0.2985002383513165,0.5364680247808942,1.7972113782686636,High,-2.1918529586074706,1.161755435945253,-0.6244260242997048,0.07640893480696102
sugar_health_interaction,1.3032313867488305,0.5640879453273184,0.432837906654894,Medium,-0.28222723279341116,2.8928659069467892,0.942352900267094,1.6260179688196938
perceived_benefit,0.41070698125565436,0.193245506513739,0.4705191665428466,Medium,-0.11820845842898198,0.920336622836079,0.2700405235505075,0.5204462155447895
nutrition_knowledge,0.3146387153978686,0.15224893941803438,0.4838849511113461,Medium,-0.1382025725241911,0.7789661351767291,0.2190346480623496,0.42029563140402354
perceived_price,-0.2033625119600325,0.09756359375814151,0.4797521077892469,Medium,-0.5019512155820826,0.1137748533659994,-0.26509435202798,-0.1363923701982891
health_concern,0.2505946822238505,0.11676061072583323,0.4659341119678415,Medium,-0.0625056627952561,0.6231902267206433,0.17553342760012483,0.33003037474960445
