,mean,std,coefficient_of_variation,heterogeneity_level,min,max,q25,q75
sugar_free,0.8923603250662899,0.41340855663243237,0.46327536648575435,Medium,-0.22851765195728685,2.299468689769709,0.6378035547359844,1.171376927048434
health_label,0.1791591138717938,0.4063923300650363,2.2683318826629746,High,-1.0179639565517618,1.1661540257266148,-0.07906540147343785,0.4269089952411944
price_normalized,-0.3484299166824044,0.4946696693360243,1.419710666770667,High,-1.6712690529407412,0.9573001878329672,-0.6842314246041463,-0.008707696886185931
sugar_health_interaction,1.25650782441179,0.5323595190369376,0.4236818177285537,Medium,-0.26318776669658955,2.540089819377736,0.9166614026725595,1.6041187910421622
perceived_benefit,0.4101954941641162,0.19327717095572755,0.4711830668681084,Medium,-0.1271495478033755,0.9970518005206821,0.26683842821897075,0.5369847391839201
nutrition_knowledge,0.30253432223316756,0.15205046780101578,0.5025891498149697,High,-0.14867039563510848,0.8889356559654489,0.21071068151529787,0.3948400705449846
perceived_price,-0.2054763337015157,0.10273665709663163,0.4999926524184123,Medium,-0.4906988219321642,0.08684030556667682,-0.2760008486436478,-0.12875803730995455
health_concern,0.2564738536911734,0.12915864940475724,0.5035938266061242,High,-0.10153384280027217,0.5513867861901308,0.16362038050628736,0.3484376318097301
