,mean,std,coefficient_of_variation,heterogeneity_level,min,max,q25,q75
sugar_free,0.8916530974583884,0.4509080938478616,0.5056990158315516,High,-0.28009267950385214,2.4578686463278823,0.6067799447764831,1.2042542008314805
health_label,0.18299139189533212,0.4676560108224893,2.5556175401407972,High,-1.1758402272468298,1.3463719920139054,-0.11864383520389468,0.46721353610967536
price_normalized,-0.2866944357500687,0.5738692774623605,2.001675672431403,High,-1.9187381267481083,1.106645751614938,-0.6810201166517068,0.06966699425349414
sugar_health_interaction,1.2596846180122452,0.5582718143207557,0.44318379881600556,Medium,-0.321348147847891,2.603308458084842,0.9082363705967498,1.648298453565329
perceived_benefit,0.4101954941641162,0.19327717095572755,0.4711830668681084,Medium,-0.1271495478033755,0.9970518005206821,0.26683842821897075,0.5369847391839201
nutrition_knowledge,0.30253432223316756,0.15205046780101578,0.5025891498149697,High,-0.14867039563510848,0.8889356559654489,0.21071068151529787,0.3948400705449846
perceived_price,-0.2054763337015157,0.10273665709663163,0.4999926524184123,Medium,-0.4906988219321642,0.08684030556667682,-0.2760008486436478,-0.12875803730995455
health_concern,0.2564738536911734,0.12915864940475724,0.5035938266061242,High,-0.10153384280027217,0.5513867861901308,0.16362038050628736,0.3484376318097301
