{
  "analysis_info": {
    "analysis_type": "RPL Coefficient Analysis",
    "analysis_date": "2025-09-16T21:13:59.176612",
    "description": "RPL 효용함수 계수 상세 검토 및 분석"
  },
  "coefficient_analysis": {
    "sugar_free": {
      "mean": 0.8916530974583884,
      "std": 0.4509080938478616,
      "median": 0.8825228943819365,
      "min": -0.2800926795038521,
      "max": 2.4578686463278823,
      "q25": 0.6067799447764831,
      "q75": 1.2042542008314805,
      "cv": 0.5056990158315516,
      "range": 2.7379613258317343,
      "iqr": 0.5974742560549974,
      "skewness": 0.1005011660167347,
      "kurtosis": 0.10340631894910635,
      "normality_p_value": 0.9232976561311819,
      "is_normal": 