Factor,Items,N_Items,Cronbach_Alpha,Composite_Reliability,AVE,Sqrt_AVE,Mean_Loading,Min_Loading,Max_Loading,Alpha_Acceptable,CR_Acceptable,AVE_Acceptable
health_concern,"q6, q7, q8, q9, q10, q11",6,0.9026959868197127,0.9324062714615718,0.7001492716666666,0.8367492286621283,0.8302833333333332,0.7105,1.0,True,True,True
perceived_benefit,"q16, q17",2,0.6768862434742129,0.89135,0.806309645,0.8979474622715964,0.89135,0.7827,1.0,False,True,True
purchase_intention,"q18, q19",2,0.9257040969820258,1.01905,1.038825805,1.019228043668344,1.01905,1.0,1.0381,True,True,True
perceived_price,"q27, q28, q29",3,0.7734279139907143,0.8237662862216845,0.6261297633333333,0.7912836175059694,0.7632333333333333,0.492,1.0,True,True,True
nutrition_knowledge,"q30, q31, q32, q33, q34, q35, q36, q37, q38, q39, q40, q41, q42, q43, q44, q45, q46, q47, q48, q49",20,0.8100626504469417,0.9134045850472272,0.5053819584999999,0.7109022144430273,0.5107449999999999,-0.7711,1.0,True,True,True
