{
  "problematic_factors": [
    "nutrition_knowledge"
  ],
  "optimization_results": {
    "nutrition_knowledge": {
      "factor_name": "nutrition_knowledge",
      "original_items": [
        "q30",
        "q31",
        "q32",
        "q33",
        "q34",
        "q35",
        "q36",
        "q37",
        "q38",
        "q39",
        "q40",
        "q41",
        "q42",
        "q43",
        "q44",
        "q45",
        "q46",
        "q47",
        "q48",
        "q49"
      ],
      "original_stats": {
        "cronbach_alpha": 0.8100626504469417,
        "composite_reliability": 0.9155922538937682,
        "ave": 0.5122348239999999,
        "n_items": 20
      },
      "optimization_attempts": [
        {
          "items_removed": [
            "q31"
          ],
          "remaining_items": [
            "q30",
            "q32",
            "q33",
            "q34",
            "q35",
            "q36",
            "q37",
            "q38",
            "q39",
            "q40",
            "q41",
            "q42",
            "q43",
            "q44",
            "q45",
            "q46",
            "q47",
            "q48",
            "q49"
          ],
          "n_remaining": 19,
          "cronbach_alpha": 0.8022813545126072,
          "composite_reliability": 0.9148937014057024,
          "ave": 0.5277750968421051,
          "meets_all_criteria": "True",
          "score": 19.748316717586803
        },
        {
          "items_removed": [
            "q32"
          ],
          "remaining_items": [
            "q30",
            "q31",
            "q33",
            "q34",
            "q35",
            "q36",
            "q37",
            "q38",
            "q39",
            "q40",
            "q41",
            "q42",
            "q43",
            "q44",
            "q45",
            "q46",
            "q47",
            "q48",
            "q49"
          ],
          "n_remaining": 19,
          "cronbach_alpha": 0.7911430807248655,
          "composite_reliability": 0.909163238720766,
          "ave": 0.5147860778947367,
          "meets_all_criteria": "True",
          "score": 19.73836413244679
        },
        {
          "items_removed": [
            "q33"
          ],
          "remaining_items": [
            "q30",
            "q31",
            "q32",
            "q34",
            "q35",
            "q36",
            "q37",
            "q38",
            "q39",
            "q40",
            "q41",
            "q42",
            "q43",
            "q44",
            "q45",
            "q46",
            "q47",
            "q48",
            "q49"
          ],
          "n_remaining": 19,
          "cronbach_alpha": 0.8360585137766489,
          "composite_reliability": 0.9276783827187906,
          "ave": 0.5301867784210526,
          "meets_all_criteria": "True",
          "score": 19.764641224972163
        },
        {
          "items_removed": [
            "q34"
          ],
          "remaining_items": [
            "q30",
            "q31",
            "q32",
            "q33",
            "q35",
            "q36",
            "q37",
            "q38",
            "q39",
            "q40",
            "q41",
            "q42",
            "q43",
            "q44",
            "q45",
            "q46",
            "q47",
            "q48",
            "q49"
          ],
          "n_remaining": 19,
          "cronbach_alpha": 0.7856469556249154,
          "composite_reliability": 0.9034501544130629,
          "ave": 0.5002229594736841,
          "meets_all_criteria": "True",
          "score": 19.729773356503888
        },
        {
          "items_removed": [
            "q35"
          ],
          "remaining_items": [
            "q30",
            "q31",
            "q32",
            "q33",
            "q34",
            "q36",
            "q37",
            "q38",
            "q39",
            "q40",
            "q41",
            "q42",
            "q43",
            "q44",
            "q45",
            "q46",
            "q47",
            "q48",
            "q49"
          ],
          "n_remaining": 19,
          "cronbach_alpha": 0.7861866173907189,
          "composite_reliability": 0.906694420491347,
          "ave": 0.5086343410526315,
          "meets_all_criteria": "True",
          "score": 19.7338384596449
        },
        {
          "items_removed": [
            "q36"
          ],
          "remaining_items": [
            "q30",
            "q31",
            "q32",
            "q33",
            "q34",
            "q35",
            "q37",
            "q38",
            "q39",
            "q40",
            "q41",
            "q42",
            "q43",
            "q44",
            "q45",
            "q46",
            "q47",
            "q48",
            "q49"
          ],
          "n_remaining": 19,
          "cronbach_alpha": 0.7932878532418073,
          "composite_reliability": 0.9072303526368143,
          "ave": 0.5099905510526316,
          "meets_all_criteria": "True",
          "score": 19.736836252310418
        },
        {
          "items_removed": [
            "q37"
          ],
          "remaining_items": [
            "q30",
            "q31",
            "q32",
            "q33",
            "q34",
            "q35",
            "q36",
            "q38",
            "q39",
            "q40",
            "q41",
            "q42",
            "q43",
            "q44",
            "q45",
            "q46",
            "q47",
            "q48",
            "q49"
          ],
          "n_remaining": 19,
          "cronbach_alpha": 0.8224301313005561,
          "composite_reliability": 0.9247851881209965,
          "ave": 0.5387314757894736,
          "meets_all_criteria": "True",
          "score": 19.76198226507034
        },
        {
          "items_removed": [
            "q39"
          ],
          "remaining_items": [
            "q30",
            "q31",
            "q32",
            "q33",
            "q34",
            "q35",
            "q36",
            "q37",
            "q38",
            "q40",
            "q41",
            "q42",
            "q43",
            "q44",
            "q45",
            "q46",
            "q47",
            "q48",
            "q49"
          ],
          "n_remaining": 19,
          "cronbach_alpha": 0.7878653080404657,
          "composite_reliability": 0.903515304478938,
          "ave": 0.5003948694736841,
          "meets_all_criteria": "True",
          "score": 19.73059182733103
        },
        {
          "items_removed": [
            "q40"
          ],
          "remaining_items": [
            "q30",
            "q31",
            "q32",
            "q33",
            "q34",
            "q35",
            "q36",
            "q37",
            "q38",
            "q39",
            "q41",
            "q42",
            "q43",
            "q44",
            "q45",
            "q46",
            "q47",
            "q48",
            "q49"
          ],
          "n_remaining": 19,
          "cronbach_alpha": 0.8289716027729831,
          "composite_reliability": 0.9263904493781895,
          "ave": 0.5359939431578947,
          "meets_all_criteria": "True",
          "score": 19.76378533176969
        },
        {
          "items_removed": [
            "q41"
          ],
          "remaining_items": [
            "q30",
            "q31",
            "q32",
            "q33",
            "q34",
            "q35",
            "q36",
            "q37",
            "q38",
            "q39",
            "q40",
            "q42",
            "q43",
            "q44",
            "q45",
            "q46",
            "q47",
            "q48",
            "q49"
          ],
          "n_remaining": 19,
          "cronbach_alpha": 0.8090368416501166,
          "composite_reliability": 0.9202943575603932,
          "ave": 0.5369240626315789,
          "meets_all_criteria": "True",