{
  "zeta_health_concern_q7": 1.95790965012248,
  "zeta_health_concern_q8": 1.95870616661428,
  "zeta_health_concern_q9": 2.1215431402852523,
  "zeta_health_concern_q10": 2.1475597769411428,
  "zeta_health_concern_q11": 1.9165967029910191,
  "sigma_sq_health_concern_q6": 0.6083874053239,
  "sigma_sq_health_concern_q7": 0.5040200752205105,
  "sigma_sq_health_concern_q8": 0.4952584247000309,
  "sigma_sq_health_concern_q9": 0.5314745282849179,
  "sigma_sq_health_concern_q10": 0.6095807071682827,
  "sigma_sq_health_concern_q11": 0.4909583924842151,
  "zeta_perceived_benefit_q13": 1.0276665374806473,
  "zeta_perceived_benefit_q14": 1.2337446148794071,
  "zeta_perceived_benefit_q15": 1.3693328472986444,
  "zeta_perceived_benefit_q16": 1.276707872865232,
  "zeta_perceived_benefit_q17": 1.1046090622759832,
  "sigma_sq_perceived_benefit_q12": 0.609818538133964,
  "sigma_sq_perceived_benefit_q13": 0.4769147313586306,
  "sigma_sq_perceived_benefit_q14": 0.527586160038292,
  "sigma_sq_perceived_benefit_q15": 0.5703658221771677,
  "sigma_sq_perceived_benefit_q16": 0.5719790387522371,
  "sigma_sq_perceived_benefit_q17": 0.5038630638515111,
  "zeta_perceived_price_q28": 1.6652435111627393,
  "zeta_perceived_price_q29": 1.7911351753928626,
  "sigma_sq_perceived_price_q27": 0.7979717764580425,
  "sigma_sq_perceived_price_q28": 0.787239654486375,
  "sigma_sq_perceived_price_q29": 0.7769769057124724,
  "zeta_nutrition_knowledge_q31": 1.3001929718977692,
  "zeta_nutrition_knowledge_q32": 1.4784252061577867,
  "zeta_nutrition_knowledge_q33": 1.2481090958906589,
  "zeta_nutrition_knowledge_q34": 1.4896094160153814,
  "zeta_nutrition_knowledge_q35": 1.5051387136752996,
  "zeta_nutrition_knowledge_q36": 1.4682217157659625,
  "zeta_nutrition_knowledge_q37": 1.301510823798592,
  "zeta_nutrition_knowledge_q38": 1.39201809190994,
  "zeta_nutrition_knowledge_q39": 1.459535224882292,
  "zeta_nutrition_knowledge_q40": 1.2006945529928903,
  "zeta_nutrition_knowledge_q41": 1.45863520797556,
  "zeta_nutrition_knowledge_q42": 1.4931628406474178,
  "zeta_nutrition_knowledge_q43": 1.5175516525707846,
  "zeta_nutrition_knowledge_q44": 1.4917027546023618,
  "zeta_nutrition_knowledge_q45": 1.4774335200129862,
  "zeta_nutrition_knowledge_q46": 1.3542423447787522,
  "zeta_nutrition_knowledge_q47": 0.9745135585891178,
  "zeta_nutrition_knowledge_q48": 1.359764917282985,
  "zeta_nutrition_knowledge_q49": 1.232545857915928,
  "sigma_sq_nutrition_knowledge_q30": 0.4524339552923179,
  "sigma_sq_nutrition_knowledge_q31": 0.3326297929115888,
  "sigma_sq_nutrition_knowledge_q32": 0.3237981231853435,
  "sigma_sq_nutrition_knowledge_q33": 0.3606103969598823,
  "sigma_sq_nutrition_knowledge_q34": 0.340747013939142,
  "sigma_sq_nutrition_knowledge_q35": 0.3111783439474209,
  "sigma_sq_nutrition_knowledge_q36": 0.3464074429042355,
  "sigma_sq_nutrition_knowledge_q37": 0.3501293690614765,
  "sigma_sq_nutrition_knowledge_q38": 0.350064570565652,
  "sigma_sq_nutrition_knowledge_q39": 0.3317343977499276,
  "sigma_sq_nutrition_knowledge_q40": 0.3565860671247113,
  "sigma_sq_nutrition_knowledge_q41": 0.3337826823487856,
  "sigma_sq_nutrition_knowledge_q42": 0.3744358791266575,
  "sigma_sq_nutrition_knowledge_q43": 0.3687321331677934,
  "sigma_sq_nutrition_knowledge_q44": 0.31951621602505,
  "sigma_sq_nutrition_knowledge_q45": 0.340759622692505,
  "sigma_sq_nutrition_knowledge_q46": 0.3480648407041715,
  "sigma_sq_nutrition_knowledge_q47": 0.3630502047539628,
  "sigma_sq_nutrition_knowledge_q48": 0.3202018794435553,
  "sigma_sq_nutrition_knowledge_q49": 0.3475909625477477,
  "zeta_purchase_intention_q19": 1.1472499953416506,
  "zeta_purchase_intention_q20": 1.1699602757450138,
  "sigma_sq_purchase_intention_q18": 1.5411614864274483,
  "sigma_sq_purchase_intention_q19": 1.4769076016128115,
  "sigma_sq_purchase_intention_q20": 1.4672371517502687,
  "gamma_health_concern_to_perceived_benefit": 0.5180348194949161,
  "gamma_perceived_benefit_to_purchase_intention": 0.4985465285419305,
  "beta_intercept": -0.1138146350576739,
  "beta_sugar_free": 0.2362004837065638,
  "beta_health_label": 0.2310528414506117,
  "beta_price": -0.2958454789632937,
  "lambda_main": 0.3205688454137187,
  "lambda_mod_perceived_price": -1.7397015900617547,
  "lambda_mod_nutrition_knowledge": 1.0682635663586275
}