Variable,Estimate,Std_Error,Z_Value,P_Value,Std_Estimate,Significant
health_concern,2.04634567377326,0.05843864825701578,35.01699191840173,0.0,,True
nutrition_knowledge,0.8536635681754873,0.1757706195182266,4.856690899255263,1.1936370227783044e-06,,True
health_concern_x_nutrition_knowledge,0.0009020533869238422,0.0010427654434801545,0.8650587643643477,0.3870065359388144,,False
