Percentile,Moderator_Value,Conditional_Effect,Std_Error,T_Value,P_Value,Significant
percentile_10,-6.716031746031746,2.040287454590064,0.05885678433410766,34.665289272484294,0.0,True
percentile_25,-4.1565079365079365,2.042596281711357,0.05859915907663278,34.85709204529985,0.0,True
percentile_50,-0.09698412698412717,2.0462581889130362,0.0584387357642787,35.01544244842876,0.0,True
percentile_75,4.057777777777778,2.0500060059610887,0.05859163419960753,34.98803257436401,0.0,True
percentile_90,6.474444444444444,2.052185968312821,0.05882734079877609,34.884901143713044,0.0,True
