Fit_Index,Value,Interpretation
CFI,1.0017548339184499,Excellent
TLI,1.002632250877675,Excellent
RMSEA,0.0,Excellent
AIC,7.999999948859392,N/A
BIC,22.815129847484194,N/A
DoF,6.0,N/A
